[{"@type":"mappingTemplate","id":"@1","name":"Mapping_RESTV2","description":"","autoExpireObject":false,"bundleVersion":"0","assetFrsGuid":"2L9C9uQdRqmlxDwe8RnjY3","templateId":"@3","hasParameters":false,"valid":true,"fixedConnection":true,"hasParametersDeployed":false,"fixedConnectionDeployed":false,"isSchemaValidationEnabled":false,"tasks":0,"mappingPreviewFileRecordId":"@2","documentType":"MAPPING","allowMaxFieldLength":false,"references":[{"@type":"reference","refObjectId":"@aP3FSXpkO2vg36ew4lPlsd","refType":"connection"},{"@type":"reference","refObjectId":"@3hvdyMeWJAMkxG11TIKt2k","refType":"connection"}]}]